"Id","Category","Section","Title","Url","Destination","Status","Note"
"1","Category 1: Local regulations and urban planning","Housing plans","Pla pel Dret a l'Habitatge 2016-2025 â€” Vol. I_ AnÃ lisi i Diagnosi","https://ajuntament.barcelona.cat/dretssocials/sites/default/files/arxius-documents/pla_pel_dret_a_lhabitatge_part_1_analisi_i_diagnosi_fi.pdf","Knwlodge base\barcelona_corpus_downloads\Category 1_ Local regulations and urban planning\Housing plans\001_Pla pel Dret a l'Habitatge 2016-2025 â€” Vol. I_ AnÃ lisi i Diagnosi_1.pdf","ok",""
"2","Category 1: Local regulations and urban planning","Housing plans","Pla pel Dret a l'Habitatge 2016-2025 â€” Vol. II_ Pla d'ActuaciÃ³","https://www.habitatge.barcelona/sites/default/files/documents/pdhb_volum_ii_pla_pel_dret_a_lhabitatge_2016-2025.pdf","Knwlodge base\barcelona_corpus_downloads\Category 1_ Local regulations and urban planning\Housing plans\002_Pla pel Dret a l'Habitatge 2016-2025 â€” Vol. II_ Pla d'ActuaciÃ³_1.pdf","ok",""
"3","Category 1: Local regulations and urban planning","Housing plans","Pla pel Dret a l'Habitatge â€” Resum Executiu","https://ajuntament.barcelona.cat/noubarris/sites/default/files/documentacio/pla_dret_habitatge_2016-2025.pdf","Knwlodge base\barcelona_corpus_downloads\Category 1_ Local regulations and urban planning\Housing plans\003_Pla pel Dret a l'Habitatge â€” Resum Executiu.pdf","ok",""
"4","Category 1: Local regulations and urban planning","Housing plans","BalanÃ§ 2018 â€” Pla pel Dret a l'Habitatge (CA)","https://www.habitatge.barcelona/sites/default/files/web_balanc_2018_-_pla_pel_dret_a_lhabitatge_2016-2025.pdf","Knwlodge base\barcelona_corpus_downloads\Category 1_ Local regulations and urban planning\Housing plans\004_BalanÃ§ 2018 â€” Pla pel Dret a l'Habitatge (CA).pdf","ok",""
"5","Category 1: Local regulations and urban planning","Housing plans","BalanÃ§ 2018 â€” Pla pel Dret a l'Habitatge (ES)","https://www.habitatge.barcelona/sites/default/files/es-web_balanc_2018_-_pla_pel_dret_a_lhabitatge_2016-2025-es-es.pdf","Knwlodge base\barcelona_corpus_downloads\Category 1_ Local regulations and urban planning\Housing plans\005_BalanÃ§ 2018 â€” Pla pel Dret a l'Habitatge (ES).pdf","ok",""
"6","Category 1: Local regulations and urban planning","Housing plans","Llei 18_2007 del Dret a l'Habitatge de Catalunya","https://www.diba.cat/documents/12812334/18445983/LLEI+18_2007+-+Text+Vigent_2018.pdf/f8fcac00-2515-40b3-b152-0da09831a8f9","Knwlodge base\barcelona_corpus_downloads\Category 1_ Local regulations and urban planning\Housing plans\006_Llei 18_2007 del Dret a l'Habitatge de Catalunya.html","ok",""
"7","Category 1: Local regulations and urban planning","General Metropolitan Plan and metropolitan regulations","PGM Normativa â€” Info page with links to normative texts","https://ajuntament.barcelona.cat/ecologiaurbana/ca/serveis/la-ciutat-funciona/urbanisme-i-gestio-del-territori/informacio-urbanistica/normativa-del-pla-general-metropolita","Knwlodge base\barcelona_corpus_downloads\Category 1_ Local regulations and urban planning\General Metropolitan Plan and metropolitan regulations\007_PGM Normativa â€” Info page with links to normative texts.html","ok",""
"8","Category 1: Local regulations and urban planning","General Metropolitan Plan and metropolitan regulations","Pla General MetropolitÃ 1976 â€” BCNROC repository","https://bcnroc.ajuntament.barcelona.cat/jspui/handle/11703/65661","Knwlodge base\barcelona_corpus_downloads\Category 1_ Local regulations and urban planning\General Metropolitan Plan and metropolitan regulations\008_Pla General MetropolitÃ 1976 â€” BCNROC repository.html","ok",""
"9","Category 1: Local regulations and urban planning","General Metropolitan Plan and metropolitan regulations","Normativa UrbanÃ­stica Metropolitana (NUMet) â€” full text","https://www.aucatel.com/normativa/barcelona/Normativa_Urbanistica_Metropolitana.pdf","Knwlodge base\barcelona_corpus_downloads\Category 1_ Local regulations and urban planning\General Metropolitan Plan and metropolitan regulations\009_Normativa UrbanÃ­stica Metropolitana (NUMet) â€” full text.pdf","ok",""
"10","Category 1: Local regulations and urban planning","General Metropolitan Plan and metropolitan regulations","NUMet digital tool (NUMAMB)","https://www.amb.cat/es/web/territori/gestio-i-organitzacio/numamb","Knwlodge base\barcelona_corpus_downloads\Category 1_ Local regulations and urban planning\General Metropolitan Plan and metropolitan regulations\010_NUMet digital tool (NUMAMB).html","ok",""
"11","Category 1: Local regulations and urban planning","General Metropolitan Plan and metropolitan regulations","MPGM 30% HPO â€” modification requiring 30% social housing in new large developments","https://www.arquitectes.cat/ca/system/files/users/14663/20180531b_mpgm_suc_document.pdf","Knwlodge base\barcelona_corpus_downloads\Category 1_ Local regulations and urban planning\General Metropolitan Plan and metropolitan regulations\011_MPGM 30% HPO â€” modification requiring 30% social housing in new large developments.pdf","ok",""
"12","Category 1: Local regulations and urban planning","General Metropolitan Plan and metropolitan regulations","Pla Director UrbanÃ­stic MetropolitÃ (PDUM) portal","https://urbanisme.amb.cat","Knwlodge base\barcelona_corpus_downloads\Category 1_ Local regulations and urban planning\General Metropolitan Plan and metropolitan regulations\012_Pla Director UrbanÃ­stic MetropolitÃ (PDUM) portal.html","ok",""
"13","Category 1: Local regulations and urban planning","General Metropolitan Plan and metropolitan regulations","PDUM interactive viewer","https://smartcity.amb.cat/portal-pdu/","Knwlodge base\barcelona_corpus_downloads\Category 1_ Local regulations and urban planning\General Metropolitan Plan and metropolitan regulations\013_PDUM interactive viewer.html","ok",""
"14","Category 1: Local regulations and urban planning","Municipal ordinances","OrdenanÃ§a dels Usos del Paisatge UrbÃ (consolidated, CA)","https://w110.bcn.cat/PaisatgeUrba/Continguts/Documents/Fitxers/OUPU_consolidada.pdf","Knwlodge base\barcelona_corpus_downloads\Category 1_ Local regulations and urban planning\Municipal ordinances\014_OrdenanÃ§a dels Usos del Paisatge UrbÃ (consolidated, CA).pdf","ok",""
"15","Category 1: Local regulations and urban planning","Municipal ordinances","Ordenanza de los Usos del Paisaje Urbano (ES)","https://w110.bcn.cat/PaisatgeUrba/Continguts/Presentacions/Documents/OUPU%20Cast.pdf","Knwlodge base\barcelona_corpus_downloads\Category 1_ Local regulations and urban planning\Municipal ordinances\015_Ordenanza de los Usos del Paisaje Urbano (ES).pdf","ok",""
"16","Category 1: Local regulations and urban planning","Municipal ordinances","OrdenanÃ§a Paisatge UrbÃ â€” BCNROC original 1999","https://bcnroc.ajuntament.barcelona.cat/jspui/handle/11703/89240","Knwlodge base\barcelona_corpus_downloads\Category 1_ Local regulations and urban planning\Municipal ordinances\016_OrdenanÃ§a Paisatge UrbÃ â€” BCNROC original 1999.html","ok",""
"17","Category 1: Local regulations and urban planning","Superblock (Superilles) programme","Omplim de Vida els Carrers â€” Superblock government measure","https://ajuntament.barcelona.cat/ecologiaurbana/sites/default/files/en_gb_MESURA%20GOVERN%20SUPERILLES.pdf","Knwlodge base\barcelona_corpus_downloads\Category 1_ Local regulations and urban planning\Superblock (Superilles) programme\017_Omplim de Vida els Carrers â€” Superblock government measure.pdf","ok",""
"18","Category 1: Local regulations and urban planning","Superblock (Superilles) programme","Superblock Barcelona â€” Towards the City We Want","https://ajuntament.barcelona.cat/superilles/sites/default/files/20210202_Superblock_Barcelona_web.pdf","Knwlodge base\barcelona_corpus_downloads\Category 1_ Local regulations and urban planning\Superblock (Superilles) programme\018_Superblock Barcelona â€” Towards the City We Want.pdf","ok",""
"19","Category 1: Local regulations and urban planning","Superblock (Superilles) programme","Superblock health impact study (Mueller et al.)","https://ajuntament.barcelona.cat/superilles/sites/default/files/Changing_urban_design_Superblock_Model_web.pdf","Knwlodge base\barcelona_corpus_downloads\Category 1_ Local regulations and urban planning\Superblock (Superilles) programme\019_Superblock health impact study (Mueller et al.).pdf","ok",""
"20","Category 1: Local regulations and urban planning","Pla de Barris (Neighbourhood Plan)","Pla de Barris_ Barcelona 2015-2023","https://bcnroc.ajuntament.barcelona.cat/jspui/handle/11703/128361","Knwlodge base\barcelona_corpus_downloads\Category 1_ Local regulations and urban planning\Pla de Barris (Neighbourhood Plan)\020_Pla de Barris_ Barcelona 2015-2023.html","ok",""
"21","Category 1: Local regulations and urban planning","Pla de Barris (Neighbourhood Plan)","Pla de Barris â€” Informe Anual 2019","https://www.pladebarris.barcelona/sites/default/files/Informe2019.%20Final.pdf","Knwlodge base\barcelona_corpus_downloads\Category 1_ Local regulations and urban planning\Pla de Barris (Neighbourhood Plan)\021_Pla de Barris â€” Informe Anual 2019.pdf","ok",""
"22","Category 1: Local regulations and urban planning","Pla de Barris (Neighbourhood Plan)","Pla de Barris â€” Informe Anual 2021-2022","https://www.pladebarris.barcelona/sites/default/files/informe2021_22_definitiu_1.pdf","Knwlodge base\barcelona_corpus_downloads\Category 1_ Local regulations and urban planning\Pla de Barris (Neighbourhood Plan)\022_Pla de Barris â€” Informe Anual 2021-2022.pdf","ok",""
"23","Category 1: Local regulations and urban planning","Pla de Barris (Neighbourhood Plan)","Pla de Barris del BesÃ²s i el Maresme 2021-2024","https://www.pladebarris.barcelona/sites/default/files/pla_de_barris_del_besos_i_el_maresme_2021-2024_0.pdf","Knwlodge base\barcelona_corpus_downloads\Category 1_ Local regulations and urban planning\Pla de Barris (Neighbourhood Plan)\023_Pla de Barris del BesÃ²s i el Maresme 2021-2024.pdf","ok",""
"24","Category 1: Local regulations and urban planning","Strategic plans and 2030 Agenda","Agenda 2030 de Barcelona â€” Fites ODS i Indicadors Clau","https://ajuntament.barcelona.cat/agenda2030/sites/default/files/2021-01/Agenda%202030%20de%20Barcelona.%20Fites%20ODS%20i%20indicadors%20clau_0.pdf","Knwlodge base\barcelona_corpus_downloads\Category 1_ Local regulations and urban planning\Strategic plans and 2030 Agenda\024_Agenda 2030 de Barcelona â€” Fites ODS i Indicadors Clau.pdf","ok",""
"25","Category 1: Local regulations and urban planning","Strategic plans and 2030 Agenda","Barcelona 2030 Agenda â€” SDG Targets and Key Indicators (EN)","https://ajuntament.barcelona.cat/agenda2030/sites/default/files/2021-01/Agenda%202030%20Barcelona%20SDG%20Targets%20and%20Key%20Indicators.pdf","Knwlodge base\barcelona_corpus_downloads\Category 1_ Local regulations and urban planning\Strategic plans and 2030 Agenda\025_Barcelona 2030 Agenda â€” SDG Targets and Key Indicators (EN).pdf","ok",""
"26","Category 1: Local regulations and urban planning","Strategic plans and 2030 Agenda","Voluntary Local Review 2021 (EN)","https://ajuntament.barcelona.cat/agenda2030/sites/default/files/2022-04/VLR%202021%20Eng.pdf","Knwlodge base\barcelona_corpus_downloads\Category 1_ Local regulations and urban planning\Strategic plans and 2030 Agenda\026_Voluntary Local Review 2021 (EN).pdf","ok",""
"27","Category 1: Local regulations and urban planning","Strategic plans and 2030 Agenda","VLR 2024_2025 (EN)","https://ajuntament.barcelona.cat/agenda2030/sites/default/files/2025-10/VLR_2024_2025_Agenda_2030_Barcelona-EN.pdf","Knwlodge base\barcelona_corpus_downloads\Category 1_ Local regulations and urban planning\Strategic plans and 2030 Agenda\027_VLR 2024_2025 (EN).pdf","ok",""
"28","Category 1: Local regulations and urban planning","Strategic plans and 2030 Agenda","CompromÃ­s MetropolitÃ 2030 (PEMB)","https://pemb.cat/sites/default/files/2025-09/06%20Metropolitan%20Commitment%202030.pdf","Knwlodge base\barcelona_corpus_downloads\Category 1_ Local regulations and urban planning\Strategic plans and 2030 Agenda\028_CompromÃ­s MetropolitÃ 2030 (PEMB).pdf","ok",""
"29","Category 1: Local regulations and urban planning","Habitability and housing quality (Generalitat de Catalunya)","Decret 141_2012 â€” Condicions mÃ­nimes d'habitabilitat","https://www.registresolicitants.cat/files/decret141%20HABITABILITAT%20201260882.pdf","Knwlodge base\barcelona_corpus_downloads\Category 1_ Local regulations and urban planning\Habitability and housing quality (Generalitat de Catalunya)\029_Decret 141_2012 â€” Condicions mÃ­nimes d'habitabilitat.pdf","ok",""
"30","Category 1: Local regulations and urban planning","Habitability and housing quality (Generalitat de Catalunya)","Decret 141_2012 â€” Interpretive criteria portal","https://habitatge.gencat.cat/ca/ambits/cedules-habitabilitat/decret-141-2012/","Knwlodge base\barcelona_corpus_downloads\Category 1_ Local regulations and urban planning\Habitability and housing quality (Generalitat de Catalunya)\030_Decret 141_2012 â€” Interpretive criteria portal.html","ok",""
"31","Category 1: Local regulations and urban planning","Open Data BCN â€” urban planning datasets","Mapa UrbanÃ­stic de la Ciutat de Barcelona","https://opendata-ajuntament.barcelona.cat/data/en/dataset/mapa-urbanistic","Knwlodge base\barcelona_corpus_downloads\Category 1_ Local regulations and urban planning\Open Data BCN â€” urban planning datasets\031_Mapa UrbanÃ­stic de la Ciutat de Barcelona.html","ok",""
"32","Category 1: Local regulations and urban planning","Open Data BCN â€” urban planning datasets","Ã€mbits UrbanÃ­stics (Urban Areas and Sectors)","https://opendata-ajuntament.barcelona.cat/data/en/dataset/mapa-ambits-urbanistics-wms/resource/d030bd31-cda2-4dd7-9ede-ad7ebcca99de","Knwlodge base\barcelona_corpus_downloads\Category 1_ Local regulations and urban planning\Open Data BCN â€” urban planning datasets\032_Ã€mbits UrbanÃ­stics (Urban Areas and Sectors).html","ok",""
"33","Category 1: Local regulations and urban planning","Open Data BCN â€” urban planning datasets","Dades Urbanes de les Illes (City Block data)","https://opendata-ajuntament.barcelona.cat/data/en/dataset/taula-map-illa","Knwlodge base\barcelona_corpus_downloads\Category 1_ Local regulations and urban planning\Open Data BCN â€” urban planning datasets\033_Dades Urbanes de les Illes (City Block data).html","ok",""
"34","Category 1: Local regulations and urban planning","Open Data BCN â€” urban planning datasets","Obres a l'Espai PÃºblic (Public Space Works)","https://opendata-ajuntament.barcelona.cat/data/ca/dataset/obres","Knwlodge base\barcelona_corpus_downloads\Category 1_ Local regulations and urban planning\Open Data BCN â€” urban planning datasets\034_Obres a l'Espai PÃºblic (Public Space Works).html","ok",""
"35","Category 1: Local regulations and urban planning","Key portals","Inline URL 35","https://ajuntament.barcelona.cat/informaciourbanistica/cerca/ca/","Knwlodge base\barcelona_corpus_downloads\Category 1_ Local regulations and urban planning\Key portals\035_Inline URL 35.html","ok",""
"36","Category 1: Local regulations and urban planning","Key portals","Inline URL 36","https://dtes.gencat.cat/rpucportal/","Knwlodge base\barcelona_corpus_downloads\Category 1_ Local regulations and urban planning\Key portals\036_Inline URL 36.html","ok",""
"37","Category 1: Local regulations and urban planning","Key portals","Inline URL 37","https://opendata-ajuntament.barcelona.cat/data/en/organization/urbanisme-i-infraestructures","Knwlodge base\barcelona_corpus_downloads\Category 1_ Local regulations and urban planning\Key portals\037_Inline URL 37.html","ok",""
"38","Category 1: Local regulations and urban planning","Key portals","Inline URL 38","https://opendata-ajuntament.barcelona.cat/data/ca/dataset/cataleg-bcnroc","Knwlodge base\barcelona_corpus_downloads\Category 1_ Local regulations and urban planning\Key portals\038_Inline URL 38.html","ok",""
"39","Category 2: Safety and building standards","CTE Documentos BÃ¡sicos (Spanish Technical Building Code)","Inline URL 39","https://www.codigotecnico.org/pdf/Documentos/[CODE]/DB[CODE].pdf","Knwlodge base\barcelona_corpus_downloads\Category 2_ Safety and building standards\CTE Documentos BÃ¡sicos (Spanish Technical Building Code)\039_Inline URL 39.pdf","failed","The remote server returned an error: (404) Not Found."
"40","Category 2: Safety and building standards","CTE Documentos BÃ¡sicos (Spanish Technical Building Code)","Disposiciones Generales y Exigencias BÃ¡sicas","https://www.codigotecnico.org/pdf/Documentos/Parte1/Parte_I_jun2022.pdf","Knwlodge base\barcelona_corpus_downloads\Category 2_ Safety and building standards\CTE Documentos BÃ¡sicos (Spanish Technical Building Code)\040_Disposiciones Generales y Exigencias BÃ¡sicas.pdf","ok",""
"41","Category 2: Safety and building standards","CTE Documentos BÃ¡sicos (Spanish Technical Building Code)","Seguridad Estructural","https://www.codigotecnico.org/pdf/Documentos/SE/DBSE.pdf","Knwlodge base\barcelona_corpus_downloads\Category 2_ Safety and building standards\CTE Documentos BÃ¡sicos (Spanish Technical Building Code)\041_Seguridad Estructural.pdf","ok",""
"42","Category 2: Safety and building standards","CTE Documentos BÃ¡sicos (Spanish Technical Building Code)","Seguridad en caso de Incendio","https://www.codigotecnico.org/pdf/Documentos/SI/DBSI.pdf","Knwlodge base\barcelona_corpus_downloads\Category 2_ Safety and building standards\CTE Documentos BÃ¡sicos (Spanish Technical Building Code)\042_Seguridad en caso de Incendio.pdf","ok",""
"43","Category 2: Safety and building standards","CTE Documentos BÃ¡sicos (Spanish Technical Building Code)","Seguridad de UtilizaciÃ³n y Accesibilidad","https://www.codigotecnico.org/pdf/Documentos/SUA/DBSUA.pdf","Knwlodge base\barcelona_corpus_downloads\Category 2_ Safety and building standards\CTE Documentos BÃ¡sicos (Spanish Technical Building Code)\043_Seguridad de UtilizaciÃ³n y Accesibilidad.pdf","ok",""
"44","Category 2: Safety and building standards","CTE Documentos BÃ¡sicos (Spanish Technical Building Code)","Ahorro de EnergÃ­a","https://www.codigotecnico.org/pdf/Documentos/HE/DBHE.pdf","Knwlodge base\barcelona_corpus_downloads\Category 2_ Safety and building standards\CTE Documentos BÃ¡sicos (Spanish Technical Building Code)\044_Ahorro de EnergÃ­a.pdf","ok",""
"45","Category 2: Safety and building standards","CTE Documentos BÃ¡sicos (Spanish Technical Building Code)","Salubridad","https://www.codigotecnico.org/pdf/Documentos/HS/DBHS.pdf","Knwlodge base\barcelona_corpus_downloads\Category 2_ Safety and building standards\CTE Documentos BÃ¡sicos (Spanish Technical Building Code)\045_Salubridad.pdf","ok",""
"46","Category 2: Safety and building standards","CTE Documentos BÃ¡sicos (Spanish Technical Building Code)","ProtecciÃ³n frente al Ruido","https://www.codigotecnico.org/pdf/Documentos/HR/DBHR.pdf","Knwlodge base\barcelona_corpus_downloads\Category 2_ Safety and building standards\CTE Documentos BÃ¡sicos (Spanish Technical Building Code)\046_ProtecciÃ³n frente al Ruido.pdf","ok",""
"47","Category 2: Safety and building standards","CTE Documentos BÃ¡sicos (Spanish Technical Building Code)","CTE compiled via BOE","https://www.boe.es/biblioteca_juridica/codigos/codigo.php?id=424_Codigo_Tecnico_de_la_Edificacion_CTE&modo=2","Knwlodge base\barcelona_corpus_downloads\Category 2_ Safety and building standards\CTE Documentos BÃ¡sicos (Spanish Technical Building Code)\047_CTE compiled via BOE.php","ok",""
"48","Category 2: Safety and building standards","CTE Documentos BÃ¡sicos (Spanish Technical Building Code)","Inline URL 48","https://www.codigotecnico.org/pdf/Documentos/SI/DccSI.pdf","Knwlodge base\barcelona_corpus_downloads\Category 2_ Safety and building standards\CTE Documentos BÃ¡sicos (Spanish Technical Building Code)\048_Inline URL 48.pdf","ok",""
"49","Category 2: Safety and building standards","CTE Documentos BÃ¡sicos (Spanish Technical Building Code)","Inline URL 49","https://www.codigotecnico.org/pdf/DocAdicionales/Conceptos_basicos_RD_732_2019_DBSI.pdf","Knwlodge base\barcelona_corpus_downloads\Category 2_ Safety and building standards\CTE Documentos BÃ¡sicos (Spanish Technical Building Code)\049_Inline URL 49.pdf","ok",""
"50","Category 2: Safety and building standards","National legislation","Ley 38_1999 de OrdenaciÃ³n de la EdificaciÃ³n (LOE)","https://www.boe.es/buscar/pdf/1999/BOE-A-1999-21567-consolidado.pdf","Knwlodge base\barcelona_corpus_downloads\Category 2_ Safety and building standards\National legislation\050_Ley 38_1999 de OrdenaciÃ³n de la EdificaciÃ³n (LOE).pdf","ok",""
"51","Category 2: Safety and building standards","National legislation","EHE-08 â€” InstrucciÃ³n de HormigÃ³n Estructural (chapter downloads)","https://www.transportes.gob.es/organos-colegiados/mas-organos-colegiados/comision-permanente-del-hormigon/cph/instrucciones/ehe-08-version-en-castellano","Knwlodge base\barcelona_corpus_downloads\Category 2_ Safety and building standards\National legislation\051_EHE-08 â€” InstrucciÃ³n de HormigÃ³n Estructural (chapter downloads).html","ok",""
"52","Category 2: Safety and building standards","Catalan regulations","Decret 141_2012 â€” Condicions mÃ­nimes d'habitabilitat","https://portaljuridic.gencat.cat/ca/document-del-pjur/?documentId=619728","Knwlodge base\barcelona_corpus_downloads\Category 2_ Safety and building standards\Catalan regulations\052_Decret 141_2012 â€” Condicions mÃ­nimes d'habitabilitat.html","ok",""
"53","Category 2: Safety and building standards","Catalan regulations","Decret 141_2012 â€” COAC illustrated summary","https://arquitectes.cat/es/system/files/F_Hab_Pluri_Nou_D141_2012_0.pdf","Knwlodge base\barcelona_corpus_downloads\Category 2_ Safety and building standards\Catalan regulations\053_Decret 141_2012 â€” COAC illustrated summary.pdf","ok",""
"54","Category 2: Safety and building standards","Catalan regulations","Decret 209_2023 â€” Codi d'accessibilitat de Catalunya (new)","https://portaljuridic.gencat.cat/ca/document-del-pjur/?documentId=972919","Knwlodge base\barcelona_corpus_downloads\Category 2_ Safety and building standards\Catalan regulations\054_Decret 209_2023 â€” Codi d'accessibilitat de Catalunya (new).html","ok",""
"55","Category 2: Safety and building standards","Catalan regulations","Decret 21_2006 â€” EcoeficiÃ¨ncia en els edificis","https://portaljuridic.gencat.cat/ca/document-del-pjur/?documentId=406954","Knwlodge base\barcelona_corpus_downloads\Category 2_ Safety and building standards\Catalan regulations\055_Decret 21_2006 â€” EcoeficiÃ¨ncia en els edificis.html","ok",""
"56","Category 2: Safety and building standards","Catalan regulations","Decret 21_2006 â€” COAC application guide","https://www.arquitectes.cat/ca/system/files/CRITERIS_APLICACIO_ECO_agost06.pdf","Knwlodge base\barcelona_corpus_downloads\Category 2_ Safety and building standards\Catalan regulations\056_Decret 21_2006 â€” COAC application guide.pdf","ok",""
"57","Category 2: Safety and building standards","Metropolitan building ordinances and guides","Ordenances Metropolitanes d'EdificaciÃ³ (OME)","https://www.gramenet.cat/fileadmin/Files/Ajuntament/informacio_urb/Normes_i_Ordenances/Ordenances_urbanistiques/PGM_Ordenances_edificacio.pdf","Knwlodge base\barcelona_corpus_downloads\Category 2_ Safety and building standards\Metropolitan building ordinances and guides\057_Ordenances Metropolitanes d'EdificaciÃ³ (OME).pdf","ok",""
"58","Category 2: Safety and building standards","Metropolitan building ordinances and guides","OME portal at AMB","https://www.amb.cat/web/territori/gestio-i-organitzacio/numamb/index-ordenances-d-edificacio","Knwlodge base\barcelona_corpus_downloads\Category 2_ Safety and building standards\Metropolitan building ordinances and guides\058_OME portal at AMB.html","ok",""
"59","Category 2: Safety and building standards","Metropolitan building ordinances and guides","Barcelona Building Intervention Guide (OME Application)","https://www.aucatel.com//normativa/barcelona/obras/OME_Barcelona_2010.pdf","Knwlodge base\barcelona_corpus_downloads\Category 2_ Safety and building standards\Metropolitan building ordinances and guides\059_Barcelona Building Intervention Guide (OME Application).pdf","ok",""
"60","Category 2: Safety and building standards","WSB14 Barcelona conference proceedings","WSB14 Conclusions_ Transforming Reality","https://www.gbce.es/archivos/ckfinderfiles/WSB14/Conclusions%20Transforming%20Reality.pdf","Knwlodge base\barcelona_corpus_downloads\Category 2_ Safety and building standards\WSB14 Barcelona conference proceedings\060_WSB14 Conclusions_ Transforming Reality.pdf","ok",""
"61","Category 2: Safety and building standards","WSB14 Barcelona conference proceedings","WSB14 Conclusions Volume 2","https://www.gbce.es/archivos/ckfinderfiles/WSB14/Conclusions_2.pdf","Knwlodge base\barcelona_corpus_downloads\Category 2_ Safety and building standards\WSB14 Barcelona conference proceedings\061_WSB14 Conclusions Volume 2.pdf","ok",""
"62","Category 2: Safety and building standards","WSB14 Barcelona conference proceedings","Inline URL 62","https://gbce.es/archivos/ckfinderfiles/WSB14/","Knwlodge base\barcelona_corpus_downloads\Category 2_ Safety and building standards\WSB14 Barcelona conference proceedings\062_Inline URL 62.html","failed","The remote server returned an error: (404) Not Found."
"63","Category 3: Social value and urban quality","Gender perspective in urban planning","Manual d'Urbanisme de la Vida Quotidiana_ Urbanisme amb Perspectiva de GÃ¨nere","https://bcnroc.ajuntament.barcelona.cat/jspui/handle/11703/112461","Knwlodge base\barcelona_corpus_downloads\Category 3_ Social value and urban quality\Gender perspective in urban planning\063_Manual d'Urbanisme de la Vida Quotidiana_ Urbanisme amb Perspectiva de GÃ¨nere.html","ok",""
"64","Category 3: Social value and urban quality","Gender perspective in urban planning","Guia per a la ImplementaciÃ³ de la Perspectiva de GÃ¨nere als Equipaments Municipals","https://bcnroc.ajuntament.barcelona.cat/jspui/handle/11703/134779","Knwlodge base\barcelona_corpus_downloads\Category 3_ Social value and urban quality\Gender perspective in urban planning\064_Guia per a la ImplementaciÃ³ de la Perspectiva de GÃ¨nere als Equipaments Municipals.html","ok",""
"65","Category 3: Social value and urban quality","Superblock social impact assessments","Salut als Carrers_ AvaluaciÃ³ de les Superilles de Barcelona","https://ajuntament.barcelona.cat/superilles/sites/default/files/Salut-carrers-avaluacio-superilles_ASPB_2021_web.pdf","Knwlodge base\barcelona_corpus_downloads\Category 3_ Social value and urban quality\Superblock social impact assessments\065_Salut als Carrers_ AvaluaciÃ³ de les Superilles de Barcelona.pdf","ok",""
"66","Category 3: Social value and urban quality","Superblock social impact assessments","Mesura de Govern_ Omplim de Vida els Carrers (BCNROC)","https://bcnroc.ajuntament.barcelona.cat/jspui/bitstream/11703/97356/1/mesuradegovernomplimdevidaelscarrerslaimplantacidelessuperi-160518111846.pdf","Knwlodge base\barcelona_corpus_downloads\Category 3_ Social value and urban quality\Superblock social impact assessments\066_Mesura de Govern_ Omplim de Vida els Carrers (BCNROC).pdf","ok",""
"67","Category 3: Social value and urban quality","Pla de Barris evaluations","AvaluaciÃ³ dels Efectes en la Salut del Pla de Barris 2016-2020","https://www.aspb.cat/wp-content/uploads/2023/02/ASPB-Avaluacio-salut-Pla-Barris-2016-20_24022023.pdf","Knwlodge base\barcelona_corpus_downloads\Category 3_ Social value and urban quality\Pla de Barris evaluations\067_AvaluaciÃ³ dels Efectes en la Salut del Pla de Barris 2016-2020.pdf","ok",""
"68","Category 3: Social value and urban quality","Pla de Barris evaluations","Pla de Barris 2016-2020 â€” IvÃ lua Policy Brief","https://ivalua.cat/sites/default/files/2021-11/PB_Pla%20de%20Barris%20_V6%20.pdf","Knwlodge base\barcelona_corpus_downloads\Category 3_ Social value and urban quality\Pla de Barris evaluations\068_Pla de Barris 2016-2020 â€” IvÃ lua Policy Brief.pdf","ok",""
"69","Category 3: Social value and urban quality","Citizen participation","Reglament de ParticipaciÃ³ Ciutadana (2022 revision)","https://media-edg.barcelona.cat/wp-content/uploads/2023/11/15102420/REGLAMENT-de-participacio-ciutadana.pdf","Knwlodge base\barcelona_corpus_downloads\Category 3_ Social value and urban quality\Citizen participation\069_Reglament de ParticipaciÃ³ Ciutadana (2022 revision).pdf","ok",""
"70","Category 3: Social value and urban quality","Citizen participation","Reglament de ParticipaciÃ³ Ciutadana (2017 text)","https://ajuntament.barcelona.cat/participaciociutadana/sites/default/files/documents/reglament_participacio_catala.pdf","Knwlodge base\barcelona_corpus_downloads\Category 3_ Social value and urban quality\Citizen participation\070_Reglament de ParticipaciÃ³ Ciutadana (2017 text).pdf","ok",""
"71","Category 3: Social value and urban quality","Citizen participation","Normes Reguladores de la ParticipaciÃ³ Ciutadana (historic 2002)","https://w110.bcn.cat/fitxers/consellmunbenestarsocial/normesparticipaciociutadana.615.pdf","Knwlodge base\barcelona_corpus_downloads\Category 3_ Social value and urban quality\Citizen participation\071_Normes Reguladores de la ParticipaciÃ³ Ciutadana (historic 2002).pdf","ok",""
"72","Category 3: Social value and urban quality","Quality of life and perception surveys","Enquesta de Serveis Municipals 2024 â€” Informe Resum","https://ajuntament.barcelona.cat/premsa/wp-content/uploads/2024/09/r24003_Serveis_Municipals_Informe_Resum_v1_0.pdf","Knwlodge base\barcelona_corpus_downloads\Category 3_ Social value and urban quality\Quality of life and perception surveys\072_Enquesta de Serveis Municipals 2024 â€” Informe Resum.pdf","failed","The remote server returned an error: (404) Not Found."
"73","Category 3: Social value and urban quality","Quality of life and perception surveys","Enquesta de Serveis Municipals 2023 â€” Informe General","https://ajuntament.barcelona.cat/premsa/wp-content/uploads/2023/07/r23010_Serveis_Municipals_Informe_General_v1_0.pdf","Knwlodge base\barcelona_corpus_downloads\Category 3_ Social value and urban quality\Quality of life and perception surveys\073_Enquesta de Serveis Municipals 2023 â€” Informe General.pdf","failed","The remote server returned an error: (404) Not Found."
"74","Category 3: Social value and urban quality","Quality of life and perception surveys","Enquesta de Serveis Municipals â€” Open Data (1989-2024)","https://opendata-ajuntament.barcelona.cat/data/ca/dataset/esm-bcn-evo","Knwlodge base\barcelona_corpus_downloads\Category 3_ Social value and urban quality\Quality of life and perception surveys\074_Enquesta de Serveis Municipals â€” Open Data (1989-2024).html","ok",""
"75","Category 3: Social value and urban quality","Quality of life and perception surveys","Interactive portal for ESM data","https://dades.ajuntament.barcelona.cat/enquesta-serveis-municipals/","Knwlodge base\barcelona_corpus_downloads\Category 3_ Social value and urban quality\Quality of life and perception surveys\075_Interactive portal for ESM data.html","ok",""
"76","Category 3: Social value and urban quality","Municipal action and social economy","PAM 2023-2027_ Programa d'ActuaciÃ³ Municipal","https://ajuntament.barcelona.cat/transparencia/sites/default/files/pam2023-2027_-_projecte_pam_-_15abril2024.pdf","Knwlodge base\barcelona_corpus_downloads\Category 3_ Social value and urban quality\Municipal action and social economy\076_PAM 2023-2027_ Programa d'ActuaciÃ³ Municipal.pdf","ok",""
"77","Category 3: Social value and urban quality","Municipal action and social economy","EstratÃ¨gia de l'Economia Social i SolidÃ ria a Barcelona 2030","https://ajbcn-decidim-barcelona-organizations.s3.amazonaws.com/decidim-bcn-organizations/uploads/decidim/attachment/file/3712/ESTRATEGIA_ESSBCN2030.pdf","Knwlodge base\barcelona_corpus_downloads\Category 3_ Social value and urban quality\Municipal action and social economy\077_EstratÃ¨gia de l'Economia Social i SolidÃ ria a Barcelona 2030.pdf","ok",""
"78","Category 3: Social value and urban quality","Municipal action and social economy","Pla d'Impuls de l'Economia Social i SolidÃ ria 2016-2019","https://ajuntament.barcelona.cat/economia-social-solidaria/sites/default/files/2021-12/Pla%20d'Impuls%20ESS.pdf","Knwlodge base\barcelona_corpus_downloads\Category 3_ Social value and urban quality\Municipal action and social economy\078_Pla d'Impuls de l'Economia Social i SolidÃ ria 2016-2019.pdf","ok",""
"79","Category 3: Social value and urban quality","Social Rights Area reports and age-friendly city","MemÃ²ria 2022 â€” Ã€rea de Drets Socials","https://ajuntament.barcelona.cat/dretssocials/sites/default/files/arxius-documents/memoria-area-drets-socials-2022.pdf","Knwlodge base\barcelona_corpus_downloads\Category 3_ Social value and urban quality\Social Rights Area reports and age-friendly city\079_MemÃ²ria 2022 â€” Ã€rea de Drets Socials.pdf","ok",""
"80","Category 3: Social value and urban quality","Social Rights Area reports and age-friendly city","MemÃ²ria 2021 â€” Ã€rea de Drets Socials","https://ajuntament.barcelona.cat/dretssocials/sites/default/files/arxius-documents/memoria-area-drets-socials-2021.pdf","Knwlodge base\barcelona_corpus_downloads\Category 3_ Social value and urban quality\Social Rights Area reports and age-friendly city\080_MemÃ²ria 2021 â€” Ã€rea de Drets Socials.pdf","ok",""
"81","Category 3: Social value and urban quality","Social Rights Area reports and age-friendly city","Social Innovation Projects 2015-2019","https://ajuntament.barcelona.cat/dretssocials/sites/default/files/arxius-documents/innovacio-social-2015-2019.pdf","Knwlodge base\barcelona_corpus_downloads\Category 3_ Social value and urban quality\Social Rights Area reports and age-friendly city\081_Social Innovation Projects 2015-2019.pdf","ok",""
"82","Category 3: Social value and urban quality","Social Rights Area reports and age-friendly city","Barcelona Age-Friendly City â€” WHO report","https://extranet.who.int/agefriendlyworld/wp-content/uploads/2015/03/Barcelona-Age-friendly-city-Together-we-build-a-city-for-all-ages.pdf","Knwlodge base\barcelona_corpus_downloads\Category 3_ Social value and urban quality\Social Rights Area reports and age-friendly city\082_Barcelona Age-Friendly City â€” WHO report.pdf","ok",""
"83","Category 3: Social value and urban quality","Social Rights Area reports and age-friendly city","B-MINCOME Pilot Final Results","https://ajuntament.barcelona.cat/dretssocials/sites/default/files/arxius-documents/bmincome_executive_report.pdf","Knwlodge base\barcelona_corpus_downloads\Category 3_ Social value and urban quality\Social Rights Area reports and age-friendly city\083_B-MINCOME Pilot Final Results.pdf","ok",""
"84","Category 3: Social value and urban quality","Social Rights Area reports and age-friendly city","Barcelona's Social and Affordable Housing Policy (EN overview)","https://coincide.nl/wp-content/uploads/2022/10/City-of-Barcelona-Housing.pdf","Knwlodge base\barcelona_corpus_downloads\Category 3_ Social value and urban quality\Social Rights Area reports and age-friendly city\084_Barcelona's Social and Affordable Housing Policy (EN overview).pdf","ok",""
"85","Category 3: Social value and urban quality","Social Rights Area reports and age-friendly city","Inline URL 85","https://ajuntament.barcelona.cat/dretssocials/sites/default/files/arxius-documents/memoria-area-drets-socials-[YEAR].pdf","Knwlodge base\barcelona_corpus_downloads\Category 3_ Social value and urban quality\Social Rights Area reports and age-friendly city\085_Inline URL 85.pdf","failed","The remote server returned an error: (404) Not Found."
"86","Category 3: Social value and urban quality","Inclusive design and sustainability guides","Urbanisme + Sostenible_ Guia de Criteris de Sostenibilitat","https://www.ajsosteniblebcn.cat/guia-urbanisme_135281.pdf","Knwlodge base\barcelona_corpus_downloads\Category 3_ Social value and urban quality\Inclusive design and sustainability guides\086_Urbanisme + Sostenible_ Guia de Criteris de Sostenibilitat.pdf","ok",""
"87","Category 3: Social value and urban quality","Inclusive design and sustainability guides","Pla del Joc a l'Espai PÃºblic amb HoritzÃ³ 2030","https://www.decidim.barcelona/processes/pladeljoc","Knwlodge base\barcelona_corpus_downloads\Category 3_ Social value and urban quality\Inclusive design and sustainability guides\087_Pla del Joc a l'Espai PÃºblic amb HoritzÃ³ 2030.html","ok",""
"88","Category 4: Heritage and urban identity","UNESCO World Heritage documentation","Works of Antoni GaudÃ­ â€” Listing + documents","https://whc.unesco.org/en/list/320/documents/","Knwlodge base\barcelona_corpus_downloads\Category 4_ Heritage and urban identity\UNESCO World Heritage documentation\088_Works of Antoni GaudÃ­ â€” Listing + documents.html","ok",""
"89","Category 4: Heritage and urban identity","UNESCO World Heritage documentation","Palau de la MÃºsica Catalana and Hospital de Sant Pau â€” Listing + documents","https://whc.unesco.org/en/list/804/documents/","Knwlodge base\barcelona_corpus_downloads\Category 4_ Heritage and urban identity\UNESCO World Heritage documentation\089_Palau de la MÃºsica Catalana and Hospital de Sant Pau â€” Listing + documents.html","ok",""
"90","Category 4: Heritage and urban identity","UNESCO World Heritage documentation","ICOMOS Advisory Body Evaluation â€” Palau de la MÃºsica & Hospital de Sant Pau","https://whc.unesco.org/document/154317","Knwlodge base\barcelona_corpus_downloads\Category 4_ Heritage and urban identity\UNESCO World Heritage documentation\090_ICOMOS Advisory Body Evaluation â€” Palau de la MÃºsica & Hospital de Sant Pau.html","ok",""
"91","Category 4: Heritage and urban identity","UNESCO World Heritage documentation","Periodic Report (Third Cycle) â€” Palau & Hospital","https://whc.unesco.org/document/217756","Knwlodge base\barcelona_corpus_downloads\Category 4_ Heritage and urban identity\UNESCO World Heritage documentation\091_Periodic Report (Third Cycle) â€” Palau & Hospital.html","ok",""
"92","Category 4: Heritage and urban identity","Catalan heritage law","Llei 9_1993 del Patrimoni Cultural CatalÃ (full text)","https://cultura.gencat.cat/web/.content/dgpc/arxius_i_gestio_documental/07_marc_normatiu/static_file/llei_09_1993.pdf","Knwlodge base\barcelona_corpus_downloads\Category 4_ Heritage and urban identity\Catalan heritage law\092_Llei 9_1993 del Patrimoni Cultural CatalÃ (full text).pdf","ok",""
"93","Category 4: Heritage and urban identity","Catalan heritage law","Ley 9_1993 â€” consolidated Spanish version via BOE","https://www.boe.es/buscar/pdf/1993/BOE-A-1993-26497-consolidado.pdf","Knwlodge base\barcelona_corpus_downloads\Category 4_ Heritage and urban identity\Catalan heritage law\093_Ley 9_1993 â€” consolidated Spanish version via BOE.pdf","ok",""
"94","Category 4: Heritage and urban identity","Catalan heritage law","Directrius de contingut per als catÃ legs de bÃ©ns protegits","https://terra.bibliotecadigital.gencat.cat/bitstream/handle/20.500.13045/150/directrius-contingut-catalegs-bens-protegits-plans-especials-proteccio.pdf?sequence=1&isAllowed=y","Knwlodge base\barcelona_corpus_downloads\Category 4_ Heritage and urban identity\Catalan heritage law\094_Directrius de contingut per als catÃ legs de bÃ©ns protegits.pdf","failed","The remote name could not be resolved: 'terra.bibliotecadigital.gencat.cat'"
"95","Category 4: Heritage and urban identity","Municipal heritage protection plans and catalogues","PEPPA â€” Districte de l'Eixample (urban regulations)","https://bcnroc.ajuntament.barcelona.cat/jspui/handle/11703/89295","Knwlodge base\barcelona_corpus_downloads\Category 4_ Heritage and urban identity\Municipal heritage protection plans and catalogues\095_PEPPA â€” Districte de l'Eixample (urban regulations).html","ok",""
"96","Category 4: Heritage and urban identity","Municipal heritage protection plans and catalogues","PEPPA â€” Districte de Ciutat Vella (Gothic Quarter)","https://bcnroc.ajuntament.barcelona.cat/jspui/handle/11703/89288","Knwlodge base\barcelona_corpus_downloads\Category 4_ Heritage and urban identity\Municipal heritage protection plans and catalogues\096_PEPPA â€” Districte de Ciutat Vella (Gothic Quarter).html","ok",""
"97","Category 4: Heritage and urban identity","Municipal heritage protection plans and catalogues","CatÃ leg del Patrimoni ArquitectÃ²nic 1979 (original, 291 MB)","https://bcnroc.ajuntament.barcelona.cat/jspui/handle/11703/101775","Knwlodge base\barcelona_corpus_downloads\Category 4_ Heritage and urban identity\Municipal heritage protection plans and catalogues\097_CatÃ leg del Patrimoni ArquitectÃ²nic 1979 (original, 291 MB).html","ok",""
"98","Category 4: Heritage and urban identity","Municipal heritage protection plans and catalogues","CatÃ leg del Patrimoni Protegit â€” Open Data (WMS)","https://opendata-ajuntament.barcelona.cat/data/ca/dataset/patrimoni-arquitectonic-protegit","Knwlodge base\barcelona_corpus_downloads\Category 4_ Heritage and urban identity\Municipal heritage protection plans and catalogues\098_CatÃ leg del Patrimoni Protegit â€” Open Data (WMS).html","ok",""
"99","Category 4: Heritage and urban identity","Municipal heritage protection plans and catalogues","Pla Especial de ProtecciÃ³ â€” Establiments EmblemÃ tics","https://bcnroc.ajuntament.barcelona.cat/jspui/handle/11703/91773","Knwlodge base\barcelona_corpus_downloads\Category 4_ Heritage and urban identity\Municipal heritage protection plans and catalogues\099_Pla Especial de ProtecciÃ³ â€” Establiments EmblemÃ tics.html","ok",""
"100","Category 4: Heritage and urban identity","Municipal heritage protection plans and catalogues","Cercador del Patrimoni ArquitectÃ²nic (online database)","https://ajuntament.barcelona.cat/ecologiaurbana/ca/serveis/la-ciutat-funciona/urbanisme-i-gestio-del-territori/informacio-urbanistica/cercador-del-patrimoni-arquitectonic","Knwlodge base\barcelona_corpus_downloads\Category 4_ Heritage and urban identity\Municipal heritage protection plans and catalogues\100_Cercador del Patrimoni ArquitectÃ²nic (online database).html","ok",""
"101","Category 4: Heritage and urban identity","Municipal heritage protection plans and catalogues","Heritage Protection overview page (EN)","https://ajuntament.barcelona.cat/ecologiaurbana/en/services/the-city-works/urban-planning-and-management/architectural-heritage-protection","Knwlodge base\barcelona_corpus_downloads\Category 4_ Heritage and urban identity\Municipal heritage protection plans and catalogues\101_Heritage Protection overview page (EN).html","ok",""
"102","Category 4: Heritage and urban identity","Catalan heritage inventories","Inventari del Patrimoni ArquitectÃ²nic de Catalunya (29,798 buildings)","https://invarquit.cultura.gencat.cat/","Knwlodge base\barcelona_corpus_downloads\Category 4_ Heritage and urban identity\Catalan heritage inventories\102_Inventari del Patrimoni ArquitectÃ²nic de Catalunya (29,798 buildings).html","ok",""
"103","Category 4: Heritage and urban identity","Catalan heritage inventories","Inventari del Patrimoni Cultural CatalÃ â€” overview","https://cultura.gencat.cat/ca/departament/estructura_i_adreces/organismes/dgpc/temes/Informacio_i_Documentacio/Inventari-del-Patrimoni-Cultural-Catala/","Knwlodge base\barcelona_corpus_downloads\Category 4_ Heritage and urban identity\Catalan heritage inventories\103_Inventari del Patrimoni Cultural CatalÃ â€” overview.html","ok",""
"104","Category 4: Heritage and urban identity","Catalan heritage inventories","Geoportal del Patrimoni Cultural","https://sig.gencat.cat/portalsigcultura.html","Knwlodge base\barcelona_corpus_downloads\Category 4_ Heritage and urban identity\Catalan heritage inventories\104_Geoportal del Patrimoni Cultural.html","ok",""
"105","Category 4: Heritage and urban identity","Catalan heritage inventories","Inventaris en lÃ­nia â€” central portal","https://patrimoni.gencat.cat/es/inventarios-en-linea","Knwlodge base\barcelona_corpus_downloads\Category 4_ Heritage and urban identity\Catalan heritage inventories\105_Inventaris en lÃ­nia â€” central portal.html","ok",""
"106","Category 4: Heritage and urban identity","CerdÃ  Plan and Eixample studies","CerdÃ and the First Barcelona Metropolis, 1853-1897 (MUHBA exhibition catalogue)","https://www.barcelona.cat/museuhistoria/sites/default/files/cerda_eng.pdf","Knwlodge base\barcelona_corpus_downloads\Category 4_ Heritage and urban identity\CerdÃ Plan and Eixample studies\106_CerdÃ and the First Barcelona Metropolis, 1853-1897 (MUHBA exhibition catalogue).pdf","ok",""
"107","Category 4: Heritage and urban identity","CerdÃ  Plan and Eixample studies","The CerdÃ Plan for the Expansion of Barcelona (academic paper)","https://digitalcommons.calpoly.edu/cgi/viewcontent.cgi?article=1323&context=focus","Knwlodge base\barcelona_corpus_downloads\Category 4_ Heritage and urban identity\CerdÃ Plan and Eixample studies\107_The CerdÃ Plan for the Expansion of Barcelona (academic paper).cgi","ok",""
"108","Category 4: Heritage and urban identity","CerdÃ  Plan and Eixample studies","CerdÃ and Barcelona_ The Need for a New City (GIS analysis)","https://scholar.harvard.edu/files/montserrat-pallares-barbera/files/urbani-izziv-en-2011-22-02-005.pdf","Knwlodge base\barcelona_corpus_downloads\Category 4_ Heritage and urban identity\CerdÃ Plan and Eixample studies\108_CerdÃ and Barcelona_ The Need for a New City (GIS analysis).pdf","failed","The remote server returned an error: (504) Gateway Timeout."
"109","Category 4: Heritage and urban identity","Barcelona Model studies","The Barcelona Model (Institut Ramon Llull _ Transfer)","https://docs.llull.cat/IMAGES_175/transfer07-foc03.pdf","Knwlodge base\barcelona_corpus_downloads\Category 4_ Heritage and urban identity\Barcelona Model studies\109_The Barcelona Model (Institut Ramon Llull _ Transfer).pdf","ok",""
"110","Category 4: Heritage and urban identity","Barcelona Model studies","Using Urban Design for Health_ Barcelona (WHO Superblocks case study)","https://cdn.who.int/media/docs/default-source/urban-health-documents/barcelona-urban-design-case-study.pdf","Knwlodge base\barcelona_corpus_downloads\Category 4_ Heritage and urban identity\Barcelona Model studies\110_Using Urban Design for Health_ Barcelona (WHO Superblocks case study).pdf","ok",""
"111","Category 4: Heritage and urban identity","Manuel de SolÃ -Morales and COAC resources","Manuel de SolÃ -Morales â€” LUB publications page","https://lub.upc.edu/manuel-de-sola-morales/","Knwlodge base\barcelona_corpus_downloads\Category 4_ Heritage and urban identity\Manuel de SolÃ -Morales and COAC resources\111_Manuel de SolÃ -Morales â€” LUB publications page.html","ok",""
"112","Category 4: Heritage and urban identity","Manuel de SolÃ -Morales and COAC resources","ArquitecturaCatalana.cat â€” Digital archive (~2,000 works)","https://www.arquitecturacatalana.cat/en","Knwlodge base\barcelona_corpus_downloads\Category 4_ Heritage and urban identity\Manuel de SolÃ -Morales and COAC resources\112_ArquitecturaCatalana.cat â€” Digital archive (~2,000 works).html","ok",""
"113","Category 4: Heritage and urban identity","Manuel de SolÃ -Morales and COAC resources","DiputaciÃ³ de Barcelona â€” SPAL heritage services","https://www.diba.cat/en/web/spal/proteccio-del-patrimoni-arquitectonic","Knwlodge base\barcelona_corpus_downloads\Category 4_ Heritage and urban identity\Manuel de SolÃ -Morales and COAC resources\113_DiputaciÃ³ de Barcelona â€” SPAL heritage services.html","ok",""
"114","Category 5: Mobility and environment","Climate plans and declarations","Pla Clima 2018-2030 (CA)","https://www.barcelona.cat/barcelona-pel-clima/sites/default/files/pla_clima_cat_maig_ok.pdf","Knwlodge base\barcelona_corpus_downloads\Category 5_ Mobility and environment\Climate plans and declarations\114_Pla Clima 2018-2030 (CA).pdf","ok",""
"115","Category 5: Mobility and environment","Climate plans and declarations","Climate Plan 2018-2030 (EN)","https://www.barcelona.cat/barcelona-pel-clima/sites/default/files/climate_plan_maig.pdf","Knwlodge base\barcelona_corpus_downloads\Category 5_ Mobility and environment\Climate plans and declarations\115_Climate Plan 2018-2030 (EN).pdf","ok",""
"116","Category 5: Mobility and environment","Climate plans and declarations","Plan Clima 2018-2030 (ES)","https://www.barcelona.cat/barcelona-pel-clima/sites/default/files/plan_clima_juny_ok.pdf","Knwlodge base\barcelona_corpus_downloads\Category 5_ Mobility and environment\Climate plans and declarations\116_Plan Clima 2018-2030 (ES).pdf","ok",""
"117","Category 5: Mobility and environment","Climate plans and declarations","Pla d'AcciÃ³ per l'EmergÃ¨ncia ClimÃ tica 2030 (CA)","https://bcnroc.ajuntament.barcelona.cat/jspui/bitstream/11703/123710/1/Pla_accio_emergencia_climatica_2030_cat.pdf","Knwlodge base\barcelona_corpus_downloads\Category 5_ Mobility and environment\Climate plans and declarations\117_Pla d'AcciÃ³ per l'EmergÃ¨ncia ClimÃ tica 2030 (CA).pdf","ok",""
"118","Category 5: Mobility and environment","Climate plans and declarations","Climate Emergency Action Plan 2030 (EN)","https://bcnroc.ajuntament.barcelona.cat/jspui/bitstream/11703/123712/1/Climate_emergency_action_plan_2030_eng.pdf","Knwlodge base\barcelona_corpus_downloads\Category 5_ Mobility and environment\Climate plans and declarations\118_Climate Emergency Action Plan 2030 (EN).pdf","ok",""
"119","Category 5: Mobility and environment","Climate plans and declarations","Barcelona Climate City Contract (EU Mission)","https://netzerocities.app/_content/files/knowledge/4178/barcelona_nzc_ccc_ok.pdf","Knwlodge base\barcelona_corpus_downloads\Category 5_ Mobility and environment\Climate plans and declarations\119_Barcelona Climate City Contract (EU Mission).pdf","ok",""
"120","Category 5: Mobility and environment","Climate plans and declarations","Mesura de Govern â€” Pla Clima (updated 2024)","https://bcnroc.ajuntament.barcelona.cat/jspui/bitstream/11703/138564/1/246388%20Aj%20Bcn%20PLA%20CLIMA%20.pdf","Knwlodge base\barcelona_corpus_downloads\Category 5_ Mobility and environment\Climate plans and declarations\120_Mesura de Govern â€” Pla Clima (updated 2024).pdf","ok",""
"121","Category 5: Mobility and environment","Climate plans and declarations","Climate Emergency Declaration page","https://www.barcelona.cat/barcelona-pel-clima/en/barcelona-climate-energency-declaration","Knwlodge base\barcelona_corpus_downloads\Category 5_ Mobility and environment\Climate plans and declarations\121_Climate Emergency Declaration page.html","ok",""
"122","Category 5: Mobility and environment","Mobility plans","Pla de Mobilitat Urbana 2024 (full, 228pp + annex)","https://bcnroc.ajuntament.barcelona.cat/jspui/bitstream/11703/128157/1/Pla%20de%20Mobilitat%20Urbana_bcn_2024.pdf","Knwlodge base\barcelona_corpus_downloads\Category 5_ Mobility and environment\Mobility plans\122_Pla de Mobilitat Urbana 2024 (full, 228pp + annex).pdf","ok",""
"123","Category 5: Mobility and environment","Mobility plans","PMU 2025-2030 (Decidim process + documents)","https://www.decidim.barcelona/processes/PMU2025-2030","Knwlodge base\barcelona_corpus_downloads\Category 5_ Mobility and environment\Mobility plans\123_PMU 2025-2030 (Decidim process + documents).html","ok",""
"124","Category 5: Mobility and environment","Mobility plans","Pla MetropolitÃ de Mobilitat Urbana (PMMU) 2019-2024","https://www.amb.cat/s/es/web/mobilitat/pla-metropolita-de-mobilitat-urbana-amb.html","Knwlodge base\barcelona_corpus_downloads\Category 5_ Mobility and environment\Mobility plans\124_Pla MetropolitÃ de Mobilitat Urbana (PMMU) 2019-2024.html","ok",""
"125","Category 5: Mobility and environment","Green infrastructure and biodiversity","Pla del Verd i de la Biodiversitat 2020 (full)","https://ajuntament.barcelona.cat/ecologiaurbana/sites/default/files/Pla%20del%20verd%20i%20de%20la%20biodiversitat%20de%20Barcelona%202020.pdf","Knwlodge base\barcelona_corpus_downloads\Category 5_ Mobility and environment\Green infrastructure and biodiversity\125_Pla del Verd i de la Biodiversitat 2020 (full).pdf","ok",""
"126","Category 5: Mobility and environment","Green infrastructure and biodiversity","Pla del Verd i de la Biodiversitat 2020 (summary)","https://ajuntament.barcelona.cat/ecologiaurbana/sites/default/files/Pla%20del%20verd%20i%20de%20la%20biodiversitat%20de%20Barcelona%202020.%20Resum.pdf","Knwlodge base\barcelona_corpus_downloads\Category 5_ Mobility and environment\Green infrastructure and biodiversity\126_Pla del Verd i de la Biodiversitat 2020 (summary).pdf","ok",""
"127","Category 5: Mobility and environment","Green infrastructure and biodiversity","Pla Natura Barcelona 2021-2030","https://www.barcelona.cat/barcelonasostenible/sites/default/files/2023-12/Pla%20Natura%20Barcelona%202030.pdf","Knwlodge base\barcelona_corpus_downloads\Category 5_ Mobility and environment\Green infrastructure and biodiversity\127_Pla Natura Barcelona 2021-2030.pdf","ok",""
"128","Category 5: Mobility and environment","Green infrastructure and biodiversity","Pla Director de l'Arbrat 2017-2037 (EN)","https://ajuntament.barcelona.cat/ecologiaurbana/sites/default/files/Pla-director-arbrat-barcelona-ENG.pdf","Knwlodge base\barcelona_corpus_downloads\Category 5_ Mobility and environment\Green infrastructure and biodiversity\128_Pla Director de l'Arbrat 2017-2037 (EN).pdf","ok",""
"129","Category 5: Mobility and environment","Green infrastructure and biodiversity","Diagnosi del Verd i de la Biodiversitat â€” Pla Clima","https://www.barcelona.cat/barcelona-pel-clima/sites/default/files/diagnosi_verd_biodiversitat.pdf","Knwlodge base\barcelona_corpus_downloads\Category 5_ Mobility and environment\Green infrastructure and biodiversity\129_Diagnosi del Verd i de la Biodiversitat â€” Pla Clima.pdf","ok",""
"130","Category 5: Mobility and environment","Air quality, noise, and low-emission zones","AvaluaciÃ³ de la Qualitat de l'Aire 2023","https://www.aspb.cat/wp-content/uploads/2024/08/Informe_qualitat-aire-2023_240802.pdf","Knwlodge base\barcelona_corpus_downloads\Category 5_ Mobility and environment\Air quality, noise, and low-emission zones\130_AvaluaciÃ³ de la Qualitat de l'Aire 2023.pdf","ok",""
"131","Category 5: Mobility and environment","Air quality, noise, and low-emission zones","ZBE Monitoring Report 2023","https://ajuntament.barcelona.cat/qualitataire/sites/default/files/ZBE_informe_AjBCN_v2023_v2.pdf","Knwlodge base\barcelona_corpus_downloads\Category 5_ Mobility and environment\Air quality, noise, and low-emission zones\131_ZBE Monitoring Report 2023.pdf","ok",""
"132","Category 5: Mobility and environment","Air quality, noise, and low-emission zones","ZBE Benchmarking Report (European comparison)","https://ajuntament.barcelona.cat/transparencia/sites/default/files/annex_6_benchmarking_zbe_-_br.pdf","Knwlodge base\barcelona_corpus_downloads\Category 5_ Mobility and environment\Air quality, noise, and low-emission zones\132_ZBE Benchmarking Report (European comparison).pdf","ok",""
"133","Category 5: Mobility and environment","Air quality, noise, and low-emission zones","ZBE Official Portal","https://zbe.barcelona/zones-baixes-emissions/la-zbe.html","Knwlodge base\barcelona_corpus_downloads\Category 5_ Mobility and environment\Air quality, noise, and low-emission zones\133_ZBE Official Portal.html","ok",""
"134","Category 5: Mobility and environment","Air quality, noise, and low-emission zones","Mapa EstratÃ¨gic de Soroll â€” Open Data (rasters)","https://opendata-ajuntament.barcelona.cat/data/dataset/rasters-mapa-estrategic-soroll","Knwlodge base\barcelona_corpus_downloads\Category 5_ Mobility and environment\Air quality, noise, and low-emission zones\134_Mapa EstratÃ¨gic de Soroll â€” Open Data (rasters).html","ok",""
"135","Category 5: Mobility and environment","Air quality, noise, and low-emission zones","Mapa EstratÃ¨gic de Soroll â€” Street sections","https://opendata-ajuntament.barcelona.cat/data/en/dataset/tramer-mapa-estrategic-soroll","Knwlodge base\barcelona_corpus_downloads\Category 5_ Mobility and environment\Air quality, noise, and low-emission zones\135_Mapa EstratÃ¨gic de Soroll â€” Street sections.html","ok",""
"136","Category 5: Mobility and environment","Air quality, noise, and low-emission zones","Mapa EstratÃ¨gic de Soroll â€” Facade maps","https://opendata-ajuntament.barcelona.cat/data/en/dataset/facanes-mapa-estrategic-soroll","Knwlodge base\barcelona_corpus_downloads\Category 5_ Mobility and environment\Air quality, noise, and low-emission zones\136_Mapa EstratÃ¨gic de Soroll â€” Facade maps.html","ok",""
"137","Category 5: Mobility and environment","Air quality, noise, and low-emission zones","Air Quality Open Data (hourly, all stations)","https://opendata-ajuntament.barcelona.cat/data/en/dataset/qualitat-aire-detall-bcn","Knwlodge base\barcelona_corpus_downloads\Category 5_ Mobility and environment\Air quality, noise, and low-emission zones\137_Air Quality Open Data (hourly, all stations).html","ok",""
"138","Category 5: Mobility and environment","Resilience, sustainability, and circular economy","Barcelona Resilience Profile","https://urbanresiliencehub.org/wp-content/uploads/2022/08/EN-Resilience-Profile-Barcelona.pdf","Knwlodge base\barcelona_corpus_downloads\Category 5_ Mobility and environment\Resilience, sustainability, and circular economy\138_Barcelona Resilience Profile.pdf","ok",""
"139","Category 5: Mobility and environment","Resilience, sustainability, and circular economy","Barcelona Resilience Action Plan (RESCCUE)","https://toolkit.resccue.eu/wp-content/uploads/2020/11/Barcelona-Resilience-Action-Plan_Toolkit.pdf","Knwlodge base\barcelona_corpus_downloads\Category 5_ Mobility and environment\Resilience, sustainability, and circular economy\139_Barcelona Resilience Action Plan (RESCCUE).pdf","ok",""
"140","Category 5: Mobility and environment","Resilience, sustainability, and circular economy","CompromÃ­s CiutadÃ per la Sostenibilitat 2012-2022","https://ajuntament.barcelona.cat/joves/sites/default/files/compromisciutadasostenibilitat.pdf","Knwlodge base\barcelona_corpus_downloads\Category 5_ Mobility and environment\Resilience, sustainability, and circular economy\140_CompromÃ­s CiutadÃ per la Sostenibilitat 2012-2022.pdf","failed","The remote server returned an error: (404) Not Found."
"141","Category 5: Mobility and environment","Resilience, sustainability, and circular economy","Superblocks OECD Case Study","https://feut.org/wp-content/uploads/2021-OCDE-SUPERBLOCKS-CASE-STUDY-OVERVIEW.pdf","Knwlodge base\barcelona_corpus_downloads\Category 5_ Mobility and environment\Resilience, sustainability, and circular economy\141_Superblocks OECD Case Study.pdf","ok",""
"142","Category 5: Mobility and environment","C40 Cities reports featuring Barcelona","C40 Annual Report 2022","https://www.c40.org/wp-content/uploads/2023/03/C40-Cities-Annual-Report-2022_Published-Online-31-Mar-2023.pdf","Knwlodge base\barcelona_corpus_downloads\Category 5_ Mobility and environment\C40 Cities reports featuring Barcelona\142_C40 Annual Report 2022.pdf","failed","The remote server returned an error: (403) Forbidden."
"143","Category 5: Mobility and environment","C40 Cities reports featuring Barcelona","C40 Clean Air Declaration Progress","https://www.c40.org/wp-content/uploads/2022/02/C40-Clean-Air-Cities-Declaration_Public-progress-report_Feb-2022.pdf","Knwlodge base\barcelona_corpus_downloads\Category 5_ Mobility and environment\C40 Cities reports featuring Barcelona\143_C40 Clean Air Declaration Progress.pdf","failed","The remote server returned an error: (403) Forbidden."
"144","Category 5: Mobility and environment","C40 Cities reports featuring Barcelona","Deadline 2020","https://www.c40.org/wp-content/uploads/2021/07/Deadline_2020.pdf","Knwlodge base\barcelona_corpus_downloads\Category 5_ Mobility and environment\C40 Cities reports featuring Barcelona\144_Deadline 2020.pdf","failed","The remote server returned an error: (403) Forbidden."
"145","Category 5: Mobility and environment","C40 Cities reports featuring Barcelona","Barcelona C40 profile","https://www.c40.org/cities/barcelona/","Knwlodge base\barcelona_corpus_downloads\Category 5_ Mobility and environment\C40 Cities reports featuring Barcelona\145_Barcelona C40 profile.html","failed","The remote server returned an error: (403) Forbidden."
